time,msg,codes,model,button,id,channel,battery,temperature_C,mic,rid,humidity,state,status,brand,rain_rate,rain_total,gust,average,direction,pressure_hPa,uv,power_W,energy_kWh,unit,group_call,command,dim,dim_value,wind_speed,wind_gust,wind_direction,dipswitch,rbutton,device,temperature_F,brandmodelidtemperature_C,setpoint_C,switch,cmd,cmd_id,modelidcmd,tristate,direction_deg,speed,rain,msg_type,signal,hours,minutes,seconds,year,month,day,sensor_code,uv_status,uv_index,lux,wm,ws_id,rainfall_mm,wind_speed_ms,gust_speed_ms,current,interval,learn,sensor_id,battery_low,sequence_num,message_type,wind_speed_mph,wind_dir_deg,wind_dir,rain_inch,rc,gust_speed_mph,wind_approach,rain_mm,flags,maybetemp,binding_countdown,depth,dev_id,power0,power1,power2,node,ct1,ct2,ct3,ct4,Vrms/batt,temp1_C,temp2_C,temp3_C,temp4_C,temp5_C,temp6_C,pulse,address,button1,button2,button3,button4,data,group,sid,transmit,moisture,type,pressure_PSI,battery_mV,pressure_kPa,pulses,energy,device id,code,len,to,from,payload,event,heartbeat,brandmodelidstatus,temperature_C1,temperature_C2,test,probe,water,ptemperature_C,phumidity,newbattery,heating,heating_temp,uvi,light_lux,counter,alarm,depth_cm,repeat,maybe_battery,typeid,modelid,temperature_1_C,temperature_2_C,device_type,raw_message,switch1,switch2,switch3,switch4,switch5,seq,extradata,house_id,module_id,sensor_type,sensor_count,alarms,sensor_value,battery_voltage,failed,class,alert,secret_knock,relay
time,msg,codes,model,button,id,channel,battery,temperature_C,mic,rid,humidity,state,status,brand,rain_rate,rain_total,gust,average,direction,pressure_hPa,uv,power_W,energy_kWh,unit,group_call,command,dim,dim_value,wind_speed,wind_gust,wind_direction,dipswitch,rbutton,device,temperature_F,brandmodelidtemperature_C,setpoint_C,switch,cmd,cmd_id,modelidcmd,tristate,direction_deg,speed,rain,msg_type,signal,hours,minutes,seconds,year,month,day,sensor_code,uv_status,uv_index,lux,wm,ws_id,rainfall_mm,wind_speed_ms,gust_speed_ms,current,interval,learn,sensor_id,battery_low,sequence_num,message_type,wind_speed_mph,wind_dir_deg,wind_dir,rain_inch,rc,gust_speed_mph,wind_approach,rain_mm,flags,maybetemp,binding_countdown,depth,dev_id,power0,power1,power2,node,ct1,ct2,ct3,ct4,Vrms/batt,temp1_C,temp2_C,temp3_C,temp4_C,temp5_C,temp6_C,pulse,address,button1,button2,button3,button4,data,group,sid,transmit,moisture,type,pressure_PSI,battery_mV,pressure_kPa,pulses,energy,device id,code,len,to,from,payload,event,heartbeat,brandmodelidstatus,temperature_C1,temperature_C2,test,probe,water,ptemperature_C,phumidity,newbattery,heating,heating_temp,uvi,light_lux,counter,alarm,depth_cm,repeat,maybe_battery,typeid,modelid,temperature_1_C,temperature_2_C,device_type,raw_message,switch1,switch2,switch3,switch4,switch5,seq,extradata,house_id,module_id,sensor_type,sensor_count,alarms,sensor_value,battery_voltage,failed,class,alert,secret_knock,relay
time,msg,codes,model,button,id,channel,battery,temperature_C,mic,rid,humidity,state,status,brand,rain_rate,rain_total,gust,average,direction,pressure_hPa,uv,power_W,energy_kWh,unit,group_call,command,dim,dim_value,wind_speed,wind_gust,wind_direction,dipswitch,rbutton,device,temperature_F,brandmodelidtemperature_C,setpoint_C,switch,cmd,cmd_id,modelidcmd,tristate,direction_deg,speed,rain,msg_type,signal,hours,minutes,seconds,year,month,day,sensor_code,uv_status,uv_index,lux,wm,ws_id,rainfall_mm,wind_speed_ms,gust_speed_ms,current,interval,learn,sensor_id,battery_low,sequence_num,message_type,wind_speed_mph,wind_dir_deg,wind_dir,rain_inch,rc,gust_speed_mph,wind_approach,rain_mm,flags,maybetemp,binding_countdown,depth,dev_id,power0,power1,power2,node,ct1,ct2,ct3,ct4,Vrms/batt,temp1_C,temp2_C,temp3_C,temp4_C,temp5_C,temp6_C,pulse,address,button1,button2,button3,button4,data,group,sid,transmit,moisture,type,pressure_PSI,battery_mV,pressure_kPa,pulses,energy,device id,code,len,to,from,payload,event,heartbeat,brandmodelidstatus,temperature_C1,temperature_C2,test,probe,water,ptemperature_C,phumidity,newbattery,heating,heating_temp,uvi,light_lux,counter,alarm,depth_cm,repeat,maybe_battery,typeid,modelid,temperature_1_C,temperature_2_C,device_type,raw_message,switch1,switch2,switch3,switch4,switch5,seq,extradata,house_id,module_id,sensor_type,sensor_count,alarms,sensor_value,battery_voltage,failed,class,alert,secret_knock,relay
time,msg,codes,model,button,id,channel,battery,temperature_C,mic,rid,humidity,state,status,brand,rain_rate,rain_total,gust,average,direction,pressure_hPa,uv,power_W,energy_kWh,unit,group_call,command,dim,dim_value,wind_speed,wind_gust,wind_direction,dipswitch,rbutton,device,temperature_F,brandmodelidtemperature_C,setpoint_C,switch,cmd,cmd_id,modelidcmd,tristate,direction_deg,speed,rain,msg_type,signal,hours,minutes,seconds,year,month,day,sensor_code,uv_status,uv_index,lux,wm,ws_id,rainfall_mm,wind_speed_ms,gust_speed_ms,current,interval,learn,sensor_id,battery_low,sequence_num,message_type,wind_speed_mph,wind_dir_deg,wind_dir,rain_inch,rc,gust_speed_mph,wind_approach,rain_mm,flags,maybetemp,binding_countdown,depth,dev_id,power0,power1,power2,node,ct1,ct2,ct3,ct4,Vrms/batt,temp1_C,temp2_C,temp3_C,temp4_C,temp5_C,temp6_C,pulse,address,button1,button2,button3,button4,data,group,sid,transmit,moisture,type,pressure_PSI,battery_mV,pressure_kPa,pulses,energy,device id,code,len,to,from,payload,event,heartbeat,brandmodelidstatus,temperature_C1,temperature_C2,test,probe,water,ptemperature_C,phumidity,newbattery,heating,heating_temp,uvi,light_lux,counter,alarm,depth_cm,repeat,maybe_battery,typeid,modelid,temperature_1_C,temperature_2_C,device_type,raw_message,switch1,switch2,switch3,switch4,switch5,seq,extradata,house_id,module_id,sensor_type,sensor_count,alarms,sensor_value,battery_voltage,failed,class,alert,secret_knock,relay
time,msg,codes,model,button,id,channel,battery,temperature_C,mic,rid,humidity,state,status,brand,rain_rate,rain_total,gust,average,direction,pressure_hPa,uv,power_W,energy_kWh,unit,group_call,command,dim,dim_value,wind_speed,wind_gust,wind_direction,dipswitch,rbutton,device,temperature_F,brandmodelidtemperature_C,setpoint_C,switch,cmd,cmd_id,modelidcmd,tristate,direction_deg,speed,rain,msg_type,signal,hours,minutes,seconds,year,month,day,sensor_code,uv_status,uv_index,lux,wm,ws_id,rainfall_mm,wind_speed_ms,gust_speed_ms,current,interval,learn,sensor_id,battery_low,sequence_num,message_type,wind_speed_mph,wind_dir_deg,wind_dir,rain_inch,rc,gust_speed_mph,wind_approach,rain_mm,flags,maybetemp,binding_countdown,depth,dev_id,power0,power1,power2,node,ct1,ct2,ct3,ct4,Vrms/batt,temp1_C,temp2_C,temp3_C,temp4_C,temp5_C,temp6_C,pulse,address,button1,button2,button3,button4,data,group,sid,transmit,moisture,type,pressure_PSI,battery_mV,pressure_kPa,pulses,energy,device id,code,len,to,from,payload,event,heartbeat,brandmodelidstatus,temperature_C1,temperature_C2,test,probe,water,ptemperature_C,phumidity,newbattery,heating,heating_temp,uvi,light_lux,counter,alarm,depth_cm,repeat,maybe_battery,typeid,modelid,temperature_1_C,temperature_2_C,device_type,raw_message,switch1,switch2,switch3,switch4,switch5,seq,extradata,house_id,module_id,sensor_type,sensor_count,alarms,sensor_value,battery_voltage,failed,class,alert,secret_knock,relay
time,msg,codes,model,button,id,channel,battery,temperature_C,mic,rid,humidity,state,status,brand,rain_rate,rain_total,gust,average,direction,pressure_hPa,uv,power_W,energy_kWh,unit,group_call,command,dim,dim_value,wind_speed,wind_gust,wind_direction,dipswitch,rbutton,device,temperature_F,brandmodelidtemperature_C,setpoint_C,switch,cmd,cmd_id,modelidcmd,tristate,direction_deg,speed,rain,msg_type,signal,hours,minutes,seconds,year,month,day,sensor_code,uv_status,uv_index,lux,wm,ws_id,rainfall_mm,wind_speed_ms,gust_speed_ms,current,interval,learn,sensor_id,battery_low,sequence_num,message_type,wind_speed_mph,wind_dir_deg,wind_dir,rain_inch,rc,gust_speed_mph,wind_approach,rain_mm,flags,maybetemp,binding_countdown,depth,dev_id,power0,power1,power2,node,ct1,ct2,ct3,ct4,Vrms/batt,temp1_C,temp2_C,temp3_C,temp4_C,temp5_C,temp6_C,pulse,address,button1,button2,button3,button4,data,group,sid,transmit,moisture,type,pressure_PSI,battery_mV,pressure_kPa,pulses,energy,device id,code,len,to,from,payload,event,heartbeat,brandmodelidstatus,temperature_C1,temperature_C2,test,probe,water,ptemperature_C,phumidity,newbattery,heating,heating_temp,uvi,light_lux,counter,alarm,depth_cm,repeat,maybe_battery,typeid,modelid,temperature_1_C,temperature_2_C,device_type,raw_message,switch1,switch2,switch3,switch4,switch5,seq,extradata,house_id,module_id,sensor_type,sensor_count,alarms,sensor_value,battery_voltage,failed,class,alert,secret_knock,relay
time,msg,codes,model,button,id,channel,battery,temperature_C,mic,rid,humidity,state,status,brand,rain_rate,rain_total,gust,average,direction,pressure_hPa,uv,power_W,energy_kWh,unit,group_call,command,dim,dim_value,wind_speed,wind_gust,wind_direction,dipswitch,rbutton,device,temperature_F,brandmodelidtemperature_C,setpoint_C,switch,cmd,cmd_id,modelidcmd,tristate,direction_deg,speed,rain,msg_type,signal,hours,minutes,seconds,year,month,day,sensor_code,uv_status,uv_index,lux,wm,ws_id,rainfall_mm,wind_speed_ms,gust_speed_ms,current,interval,learn,sensor_id,battery_low,sequence_num,message_type,wind_speed_mph,wind_dir_deg,wind_dir,rain_inch,rc,gust_speed_mph,wind_approach,rain_mm,flags,maybetemp,binding_countdown,depth,dev_id,power0,power1,power2,node,ct1,ct2,ct3,ct4,Vrms/batt,temp1_C,temp2_C,temp3_C,temp4_C,temp5_C,temp6_C,pulse,address,button1,button2,button3,button4,data,group,sid,transmit,moisture,type,pressure_PSI,battery_mV,pressure_kPa,pulses,energy,device id,code,len,to,from,payload,event,heartbeat,brandmodelidstatus,temperature_C1,temperature_C2,test,probe,water,ptemperature_C,phumidity,newbattery,heating,heating_temp,uvi,light_lux,counter,alarm,depth_cm,repeat,maybe_battery,typeid,modelid,temperature_1_C,temperature_2_C,device_type,raw_message,switch1,switch2,switch3,switch4,switch5,seq,extradata,house_id,module_id,sensor_type,sensor_count,alarms,sensor_value,battery_voltage,failed,class,alert,secret_knock,relay
time,msg,codes,model,button,id,channel,battery,temperature_C,mic,rid,humidity,state,status,brand,rain_rate,rain_total,gust,average,direction,pressure_hPa,uv,power_W,energy_kWh,unit,group_call,command,dim,dim_value,wind_speed,wind_gust,wind_direction,dipswitch,rbutton,device,temperature_F,brandmodelidtemperature_C,setpoint_C,switch,cmd,cmd_id,modelidcmd,tristate,direction_deg,speed,rain,msg_type,signal,hours,minutes,seconds,year,month,day,sensor_code,uv_status,uv_index,lux,wm,ws_id,rainfall_mm,wind_speed_ms,gust_speed_ms,current,interval,learn,sensor_id,battery_low,sequence_num,message_type,wind_speed_mph,wind_dir_deg,wind_dir,rain_inch,rc,gust_speed_mph,wind_approach,rain_mm,flags,maybetemp,binding_countdown,depth,dev_id,power0,power1,power2,node,ct1,ct2,ct3,ct4,Vrms/batt,temp1_C,temp2_C,temp3_C,temp4_C,temp5_C,temp6_C,pulse,address,button1,button2,button3,button4,data,group,sid,transmit,moisture,type,pressure_PSI,battery_mV,pressure_kPa,pulses,energy,device id,code,len,to,from,payload,event,heartbeat,brandmodelidstatus,temperature_C1,temperature_C2,test,probe,water,ptemperature_C,phumidity,newbattery,heating,heating_temp,uvi,light_lux,counter,alarm,depth_cm,repeat,maybe_battery,typeid,modelid,temperature_1_C,temperature_2_C,device_type,raw_message,switch1,switch2,switch3,switch4,switch5,seq,extradata,house_id,module_id,sensor_type,sensor_count,alarms,sensor_value,battery_voltage,failed,class,alert,secret_knock,relay
time,msg,codes,model,button,id,channel,battery,temperature_C,mic,rid,humidity,state,status,brand,rain_rate,rain_total,gust,average,direction,pressure_hPa,uv,power_W,energy_kWh,unit,group_call,command,dim,dim_value,wind_speed,wind_gust,wind_direction,dipswitch,rbutton,device,temperature_F,brandmodelidtemperature_C,setpoint_C,switch,cmd,cmd_id,modelidcmd,tristate,direction_deg,speed,rain,msg_type,signal,hours,minutes,seconds,year,month,day,sensor_code,uv_status,uv_index,lux,wm,ws_id,rainfall_mm,wind_speed_ms,gust_speed_ms,current,interval,learn,sensor_id,battery_low,sequence_num,message_type,wind_speed_mph,wind_dir_deg,wind_dir,rain_inch,rc,gust_speed_mph,wind_approach,rain_mm,flags,maybetemp,binding_countdown,depth,dev_id,power0,power1,power2,node,ct1,ct2,ct3,ct4,Vrms/batt,temp1_C,temp2_C,temp3_C,temp4_C,temp5_C,temp6_C,pulse,address,button1,button2,button3,button4,data,group,sid,transmit,moisture,type,pressure_PSI,battery_mV,pressure_kPa,pulses,energy,device id,code,len,to,from,payload,event,heartbeat,brandmodelidstatus,temperature_C1,temperature_C2,test,probe,water,ptemperature_C,phumidity,newbattery,heating,heating_temp,uvi,light_lux,counter,alarm,depth_cm,repeat,maybe_battery,typeid,modelid,temperature_1_C,temperature_2_C,device_type,raw_message,switch1,switch2,switch3,switch4,switch5,seq,extradata,house_id,module_id,sensor_type,sensor_count,alarms,sensor_value,battery_voltage,failed,class,alert,secret_knock,relay
time,msg,codes,model,button,id,channel,battery,temperature_C,mic,rid,humidity,state,status,brand,rain_rate,rain_total,gust,average,direction,pressure_hPa,uv,power_W,energy_kWh,unit,group_call,command,dim,dim_value,wind_speed,wind_gust,wind_direction,dipswitch,rbutton,device,temperature_F,brandmodelidtemperature_C,setpoint_C,switch,cmd,cmd_id,modelidcmd,tristate,direction_deg,speed,rain,msg_type,signal,hours,minutes,seconds,year,month,day,sensor_code,uv_status,uv_index,lux,wm,ws_id,rainfall_mm,wind_speed_ms,gust_speed_ms,current,interval,learn,sensor_id,battery_low,sequence_num,message_type,wind_speed_mph,wind_dir_deg,wind_dir,rain_inch,rc,gust_speed_mph,wind_approach,rain_mm,flags,maybetemp,binding_countdown,depth,dev_id,power0,power1,power2,node,ct1,ct2,ct3,ct4,Vrms/batt,temp1_C,temp2_C,temp3_C,temp4_C,temp5_C,temp6_C,pulse,address,button1,button2,button3,button4,data,group,sid,transmit,moisture,type,pressure_PSI,battery_mV,pressure_kPa,pulses,energy,device id,code,len,to,from,payload,event,heartbeat,brandmodelidstatus,temperature_C1,temperature_C2,test,probe,water,ptemperature_C,phumidity,newbattery,heating,heating_temp,uvi,light_lux,counter,alarm,depth_cm,repeat,maybe_battery,typeid,modelid,temperature_1_C,temperature_2_C,device_type,raw_message,switch1,switch2,switch3,switch4,switch5,seq,extradata,house_id,module_id,sensor_type,sensor_count,alarms,sensor_value,battery_voltage,failed,class,alert,secret_knock,relay
time,msg,codes,model,button,id,channel,battery,temperature_C,mic,rid,humidity,state,status,brand,rain_rate,rain_total,gust,average,direction,pressure_hPa,uv,power_W,energy_kWh,unit,group_call,command,dim,dim_value,wind_speed,wind_gust,wind_direction,dipswitch,rbutton,device,temperature_F,brandmodelidtemperature_C,setpoint_C,switch,cmd,cmd_id,modelidcmd,tristate,direction_deg,speed,rain,msg_type,signal,hours,minutes,seconds,year,month,day,sensor_code,uv_status,uv_index,lux,wm,ws_id,rainfall_mm,wind_speed_ms,gust_speed_ms,current,interval,learn,sensor_id,battery_low,sequence_num,message_type,wind_speed_mph,wind_dir_deg,wind_dir,rain_inch,rc,gust_speed_mph,wind_approach,rain_mm,flags,maybetemp,binding_countdown,depth,dev_id,power0,power1,power2,node,ct1,ct2,ct3,ct4,Vrms/batt,temp1_C,temp2_C,temp3_C,temp4_C,temp5_C,temp6_C,pulse,address,button1,button2,button3,button4,data,group,sid,transmit,moisture,type,pressure_PSI,battery_mV,pressure_kPa,pulses,energy,device id,code,len,to,from,payload,event,heartbeat,brandmodelidstatus,temperature_C1,temperature_C2,test,probe,water,ptemperature_C,phumidity,newbattery,heating,heating_temp,uvi,light_lux,counter,alarm,depth_cm,repeat,maybe_battery,typeid,modelid,temperature_1_C,temperature_2_C,device_type,raw_message,switch1,switch2,switch3,switch4,switch5,seq,extradata,house_id,module_id,sensor_type,sensor_count,alarms,sensor_value,battery_voltage,failed,class,alert,secret_knock,relay
time,msg,codes,model,button,id,channel,battery,temperature_C,mic,rid,humidity,state,status,brand,rain_rate,rain_total,gust,average,direction,pressure_hPa,uv,power_W,energy_kWh,unit,group_call,command,dim,dim_value,wind_speed,wind_gust,wind_direction,dipswitch,rbutton,device,temperature_F,brandmodelidtemperature_C,setpoint_C,switch,cmd,cmd_id,modelidcmd,tristate,direction_deg,speed,rain,msg_type,signal,hours,minutes,seconds,year,month,day,sensor_code,uv_status,uv_index,lux,wm,ws_id,rainfall_mm,wind_speed_ms,gust_speed_ms,current,interval,learn,sensor_id,battery_low,sequence_num,message_type,wind_speed_mph,wind_dir_deg,wind_dir,rain_inch,rc,gust_speed_mph,wind_approach,rain_mm,flags,maybetemp,binding_countdown,depth,dev_id,power0,power1,power2,node,ct1,ct2,ct3,ct4,Vrms/batt,temp1_C,temp2_C,temp3_C,temp4_C,temp5_C,temp6_C,pulse,address,button1,button2,button3,button4,data,group,sid,transmit,moisture,type,pressure_PSI,battery_mV,pressure_kPa,pulses,energy,device id,code,len,to,from,payload,event,heartbeat,brandmodelidstatus,temperature_C1,temperature_C2,test,probe,water,ptemperature_C,phumidity,newbattery,heating,heating_temp,uvi,light_lux,counter,alarm,depth_cm,repeat,maybe_battery,typeid,modelid,temperature_1_C,temperature_2_C,device_type,raw_message,switch1,switch2,switch3,switch4,switch5,seq,extradata,house_id,module_id,sensor_type,sensor_count,alarms,sensor_value,battery_voltage,failed,class,alert,secret_knock,relay
time,msg,codes,model,button,id,channel,battery,temperature_C,mic,rid,humidity,state,status,brand,rain_rate,rain_total,gust,average,direction,pressure_hPa,uv,power_W,energy_kWh,unit,group_call,command,dim,dim_value,wind_speed,wind_gust,wind_direction,dipswitch,rbutton,device,temperature_F,brandmodelidtemperature_C,setpoint_C,switch,cmd,cmd_id,modelidcmd,tristate,direction_deg,speed,rain,msg_type,signal,hours,minutes,seconds,year,month,day,sensor_code,uv_status,uv_index,lux,wm,ws_id,rainfall_mm,wind_speed_ms,gust_speed_ms,current,interval,learn,sensor_id,battery_low,sequence_num,message_type,wind_speed_mph,wind_dir_deg,wind_dir,rain_inch,rc,gust_speed_mph,wind_approach,rain_mm,flags,maybetemp,binding_countdown,depth,dev_id,power0,power1,power2,node,ct1,ct2,ct3,ct4,Vrms/batt,temp1_C,temp2_C,temp3_C,temp4_C,temp5_C,temp6_C,pulse,address,button1,button2,button3,button4,data,group,sid,transmit,moisture,type,pressure_PSI,battery_mV,pressure_kPa,pulses,energy,device id,code,len,to,from,payload,event,heartbeat,brandmodelidstatus,temperature_C1,temperature_C2,test,probe,water,ptemperature_C,phumidity,newbattery,heating,heating_temp,uvi,light_lux,counter,alarm,depth_cm,repeat,maybe_battery,typeid,modelid,temperature_1_C,temperature_2_C,device_type,raw_message,switch1,switch2,switch3,switch4,switch5,seq,extradata,house_id,module_id,sensor_type,sensor_count,alarms,sensor_value,battery_voltage,failed,class,alert,secret_knock,relay
time,msg,codes,model,button,id,channel,battery,temperature_C,mic,rid,humidity,state,status,brand,rain_rate,rain_total,gust,average,direction,pressure_hPa,uv,power_W,energy_kWh,unit,group_call,command,dim,dim_value,wind_speed,wind_gust,wind_direction,dipswitch,rbutton,device,temperature_F,brandmodelidtemperature_C,setpoint_C,switch,cmd,cmd_id,modelidcmd,tristate,direction_deg,speed,rain,msg_type,signal,hours,minutes,seconds,year,month,day,sensor_code,uv_status,uv_index,lux,wm,ws_id,rainfall_mm,wind_speed_ms,gust_speed_ms,current,interval,learn,sensor_id,battery_low,sequence_num,message_type,wind_speed_mph,wind_dir_deg,wind_dir,rain_inch,rc,gust_speed_mph,wind_approach,rain_mm,flags,maybetemp,binding_countdown,depth,dev_id,power0,power1,power2,node,ct1,ct2,ct3,ct4,Vrms/batt,temp1_C,temp2_C,temp3_C,temp4_C,temp5_C,temp6_C,pulse,address,button1,button2,button3,button4,data,group,sid,transmit,moisture,type,pressure_PSI,battery_mV,pressure_kPa,pulses,energy,device id,code,len,to,from,payload,event,heartbeat,brandmodelidstatus,temperature_C1,temperature_C2,test,probe,water,ptemperature_C,phumidity,newbattery,heating,heating_temp,uvi,light_lux,counter,alarm,depth_cm,repeat,maybe_battery,typeid,modelid,temperature_1_C,temperature_2_C,device_type,raw_message,switch1,switch2,switch3,switch4,switch5,seq,extradata,house_id,module_id,sensor_type,sensor_count,alarms,sensor_value,battery_voltage,failed,class,alert,secret_knock,relay
time,msg,codes,model,button,id,channel,battery,temperature_C,mic,rid,humidity,state,status,brand,rain_rate,rain_total,gust,average,direction,pressure_hPa,uv,power_W,energy_kWh,unit,group_call,command,dim,dim_value,wind_speed,wind_gust,wind_direction,dipswitch,rbutton,device,temperature_F,brandmodelidtemperature_C,setpoint_C,switch,cmd,cmd_id,modelidcmd,tristate,direction_deg,speed,rain,msg_type,signal,hours,minutes,seconds,year,month,day,sensor_code,uv_status,uv_index,lux,wm,ws_id,rainfall_mm,wind_speed_ms,gust_speed_ms,current,interval,learn,sensor_id,battery_low,sequence_num,message_type,wind_speed_mph,wind_dir_deg,wind_dir,rain_inch,rc,gust_speed_mph,wind_approach,rain_mm,flags,maybetemp,binding_countdown,depth,dev_id,power0,power1,power2,node,ct1,ct2,ct3,ct4,Vrms/batt,temp1_C,temp2_C,temp3_C,temp4_C,temp5_C,temp6_C,pulse,address,button1,button2,button3,button4,data,group,sid,transmit,moisture,type,pressure_PSI,battery_mV,pressure_kPa,pulses,energy,device id,code,len,to,from,payload,event,heartbeat,brandmodelidstatus,temperature_C1,temperature_C2,test,probe,water,ptemperature_C,phumidity,newbattery,heating,heating_temp,uvi,light_lux,counter,alarm,depth_cm,repeat,maybe_battery,typeid,modelid,temperature_1_C,temperature_2_C,device_type,raw_message,switch1,switch2,switch3,switch4,switch5,seq,extradata,house_id,module_id,sensor_type,sensor_count,alarms,sensor_value,battery_voltage,failed,class,alert,secret_knock,relay
time,msg,codes,model,button,id,channel,battery,temperature_C,mic,rid,humidity,state,status,brand,rain_rate,rain_total,gust,average,direction,pressure_hPa,uv,power_W,energy_kWh,unit,group_call,command,dim,dim_value,wind_speed,wind_gust,wind_direction,dipswitch,rbutton,device,temperature_F,brandmodelidtemperature_C,setpoint_C,switch,cmd,cmd_id,modelidcmd,tristate,direction_deg,speed,rain,msg_type,signal,hours,minutes,seconds,year,month,day,sensor_code,uv_status,uv_index,lux,wm,ws_id,rainfall_mm,wind_speed_ms,gust_speed_ms,current,interval,learn,sensor_id,battery_low,sequence_num,message_type,wind_speed_mph,wind_dir_deg,wind_dir,rain_inch,rc,gust_speed_mph,wind_approach,rain_mm,flags,maybetemp,binding_countdown,depth,dev_id,power0,power1,power2,node,ct1,ct2,ct3,ct4,Vrms/batt,temp1_C,temp2_C,temp3_C,temp4_C,temp5_C,temp6_C,pulse,address,button1,button2,button3,button4,data,group,sid,transmit,moisture,type,pressure_PSI,battery_mV,pressure_kPa,pulses,energy,device id,code,len,to,from,payload,event,heartbeat,brandmodelidstatus,temperature_C1,temperature_C2,test,probe,water,ptemperature_C,phumidity,newbattery,heating,heating_temp,uvi,light_lux,counter,alarm,depth_cm,repeat,maybe_battery,typeid,modelid,temperature_1_C,temperature_2_C,device_type,raw_message,switch1,switch2,switch3,switch4,switch5,seq,extradata,house_id,module_id,sensor_type,sensor_count,alarms,sensor_value,battery_voltage,failed,class,alert,secret_knock,relay
time,msg,codes,model,button,id,channel,battery,temperature_C,mic,rid,humidity,state,status,brand,rain_rate,rain_total,gust,average,direction,pressure_hPa,uv,power_W,energy_kWh,unit,group_call,command,dim,dim_value,wind_speed,wind_gust,wind_direction,dipswitch,rbutton,device,temperature_F,brandmodelidtemperature_C,setpoint_C,switch,cmd,cmd_id,modelidcmd,tristate,direction_deg,speed,rain,msg_type,signal,hours,minutes,seconds,year,month,day,sensor_code,uv_status,uv_index,lux,wm,ws_id,rainfall_mm,wind_speed_ms,gust_speed_ms,current,interval,learn,sensor_id,battery_low,sequence_num,message_type,wind_speed_mph,wind_dir_deg,wind_dir,rain_inch,rc,gust_speed_mph,wind_approach,rain_mm,flags,maybetemp,binding_countdown,depth,dev_id,power0,power1,power2,node,ct1,ct2,ct3,ct4,Vrms/batt,temp1_C,temp2_C,temp3_C,temp4_C,temp5_C,temp6_C,pulse,address,button1,button2,button3,button4,data,group,sid,transmit,moisture,type,pressure_PSI,battery_mV,pressure_kPa,pulses,energy,device id,code,len,to,from,payload,event,heartbeat,brandmodelidstatus,temperature_C1,temperature_C2,test,probe,water,ptemperature_C,phumidity,newbattery,heating,heating_temp,uvi,light_lux,counter,alarm,depth_cm,repeat,maybe_battery,typeid,modelid,temperature_1_C,temperature_2_C,device_type,raw_message,switch1,switch2,switch3,switch4,switch5,seq,extradata,house_id,module_id,sensor_type,sensor_count,alarms,sensor_value,battery_voltage,failed,class,alert,secret_knock,relay
time,msg,codes,model,button,id,channel,battery,temperature_C,mic,rid,humidity,state,status,brand,rain_rate,rain_total,gust,average,direction,pressure_hPa,uv,power_W,energy_kWh,unit,group_call,command,dim,dim_value,wind_speed,wind_gust,wind_direction,dipswitch,rbutton,device,temperature_F,brandmodelidtemperature_C,setpoint_C,switch,cmd,cmd_id,modelidcmd,tristate,direction_deg,speed,rain,msg_type,signal,hours,minutes,seconds,year,month,day,sensor_code,uv_status,uv_index,lux,wm,ws_id,rainfall_mm,wind_speed_ms,gust_speed_ms,current,interval,learn,sensor_id,battery_low,sequence_num,message_type,wind_speed_mph,wind_dir_deg,wind_dir,rain_inch,rc,gust_speed_mph,wind_approach,rain_mm,flags,maybetemp,binding_countdown,depth,dev_id,power0,power1,power2,node,ct1,ct2,ct3,ct4,Vrms/batt,temp1_C,temp2_C,temp3_C,temp4_C,temp5_C,temp6_C,pulse,address,button1,button2,button3,button4,data,group,sid,transmit,moisture,type,pressure_PSI,battery_mV,pressure_kPa,pulses,energy,device id,code,len,to,from,payload,event,heartbeat,brandmodelidstatus,temperature_C1,temperature_C2,test,probe,water,ptemperature_C,phumidity,newbattery,heating,heating_temp,uvi,light_lux,counter,alarm,depth_cm,repeat,maybe_battery,typeid,modelid,temperature_1_C,temperature_2_C,device_type,raw_message,switch1,switch2,switch3,switch4,switch5,seq,extradata,house_id,module_id,sensor_type,sensor_count,alarms,sensor_value,battery_voltage,failed,class,alert,secret_knock,relay
time,msg,codes,model,button,id,channel,battery,temperature_C,mic,rid,humidity,state,status,brand,rain_rate,rain_total,gust,average,direction,pressure_hPa,uv,power_W,energy_kWh,unit,group_call,command,dim,dim_value,wind_speed,wind_gust,wind_direction,dipswitch,rbutton,device,temperature_F,brandmodelidtemperature_C,setpoint_C,switch,cmd,cmd_id,modelidcmd,tristate,direction_deg,speed,rain,msg_type,signal,hours,minutes,seconds,year,month,day,sensor_code,uv_status,uv_index,lux,wm,ws_id,rainfall_mm,wind_speed_ms,gust_speed_ms,current,interval,learn,sensor_id,battery_low,sequence_num,message_type,wind_speed_mph,wind_dir_deg,wind_dir,rain_inch,rc,gust_speed_mph,wind_approach,rain_mm,flags,maybetemp,binding_countdown,depth,dev_id,power0,power1,power2,node,ct1,ct2,ct3,ct4,Vrms/batt,temp1_C,temp2_C,temp3_C,temp4_C,temp5_C,temp6_C,pulse,address,button1,button2,button3,button4,data,group,sid,transmit,moisture,type,pressure_PSI,battery_mV,pressure_kPa,pulses,energy,device id,code,len,to,from,payload,event,heartbeat,brandmodelidstatus,temperature_C1,temperature_C2,test,probe,water,ptemperature_C,phumidity,newbattery,heating,heating_temp,uvi,light_lux,counter,alarm,depth_cm,repeat,maybe_battery,typeid,modelid,temperature_1_C,temperature_2_C,device_type,raw_message,switch1,switch2,switch3,switch4,switch5,seq,extradata,house_id,module_id,sensor_type,sensor_count,alarms,sensor_value,battery_voltage,failed,class,alert,secret_knock,relay
time,msg,codes,model,button,id,channel,battery,temperature_C,mic,rid,humidity,state,status,brand,rain_rate,rain_total,gust,average,direction,pressure_hPa,uv,power_W,energy_kWh,unit,group_call,command,dim,dim_value,wind_speed,wind_gust,wind_direction,dipswitch,rbutton,device,temperature_F,brandmodelidtemperature_C,setpoint_C,switch,cmd,cmd_id,modelidcmd,tristate,direction_deg,speed,rain,msg_type,signal,hours,minutes,seconds,year,month,day,sensor_code,uv_status,uv_index,lux,wm,ws_id,rainfall_mm,wind_speed_ms,gust_speed_ms,current,interval,learn,sensor_id,battery_low,sequence_num,message_type,wind_speed_mph,wind_dir_deg,wind_dir,rain_inch,rc,gust_speed_mph,wind_approach,rain_mm,flags,maybetemp,binding_countdown,depth,dev_id,power0,power1,power2,node,ct1,ct2,ct3,ct4,Vrms/batt,temp1_C,temp2_C,temp3_C,temp4_C,temp5_C,temp6_C,pulse,address,button1,button2,button3,button4,data,group,sid,transmit,moisture,type,pressure_PSI,battery_mV,pressure_kPa,pulses,energy,device id,code,len,to,from,payload,event,heartbeat,brandmodelidstatus,temperature_C1,temperature_C2,test,probe,water,ptemperature_C,phumidity,newbattery,heating,heating_temp,uvi,light_lux,counter,alarm,depth_cm,repeat,maybe_battery,typeid,modelid,temperature_1_C,temperature_2_C,device_type,raw_message,switch1,switch2,switch3,switch4,switch5,seq,extradata,house_id,module_id,sensor_type,sensor_count,alarms,sensor_value,battery_voltage,failed,class,alert,secret_knock,relay
time,msg,codes,model,button,id,channel,battery,temperature_C,mic,rid,humidity,state,status,brand,rain_rate,rain_total,gust,average,direction,pressure_hPa,uv,power_W,energy_kWh,unit,group_call,command,dim,dim_value,wind_speed,wind_gust,wind_direction,dipswitch,rbutton,device,temperature_F,brandmodelidtemperature_C,setpoint_C,switch,cmd,cmd_id,modelidcmd,tristate,direction_deg,speed,rain,msg_type,signal,hours,minutes,seconds,year,month,day,sensor_code,uv_status,uv_index,lux,wm,ws_id,rainfall_mm,wind_speed_ms,gust_speed_ms,current,interval,learn,sensor_id,battery_low,sequence_num,message_type,wind_speed_mph,wind_dir_deg,wind_dir,rain_inch,rc,gust_speed_mph,wind_approach,rain_mm,flags,maybetemp,binding_countdown,depth,dev_id,power0,power1,power2,node,ct1,ct2,ct3,ct4,Vrms/batt,temp1_C,temp2_C,temp3_C,temp4_C,temp5_C,temp6_C,pulse,address,button1,button2,button3,button4,data,group,sid,transmit,moisture,type,pressure_PSI,battery_mV,pressure_kPa,pulses,energy,device id,code,len,to,from,payload,event,heartbeat,brandmodelidstatus,temperature_C1,temperature_C2,test,probe,water,ptemperature_C,phumidity,newbattery,heating,heating_temp,uvi,light_lux,counter,alarm,depth_cm,repeat,maybe_battery,typeid,modelid,temperature_1_C,temperature_2_C,device_type,raw_message,switch1,switch2,switch3,switch4,switch5,seq,extradata,house_id,module_id,sensor_type,sensor_count,alarms,sensor_value,battery_voltage,failed,class,alert,secret_knock,relay
time,msg,codes,model,button,id,channel,battery,temperature_C,mic,rid,humidity,state,status,brand,rain_rate,rain_total,gust,average,direction,pressure_hPa,uv,power_W,energy_kWh,unit,group_call,command,dim,dim_value,wind_speed,wind_gust,wind_direction,dipswitch,rbutton,device,temperature_F,brandmodelidtemperature_C,setpoint_C,switch,cmd,cmd_id,modelidcmd,tristate,direction_deg,speed,rain,msg_type,signal,hours,minutes,seconds,year,month,day,sensor_code,uv_status,uv_index,lux,wm,ws_id,rainfall_mm,wind_speed_ms,gust_speed_ms,current,interval,learn,sensor_id,battery_low,sequence_num,message_type,wind_speed_mph,wind_dir_deg,wind_dir,rain_inch,rc,gust_speed_mph,wind_approach,rain_mm,flags,maybetemp,binding_countdown,depth,dev_id,power0,power1,power2,node,ct1,ct2,ct3,ct4,Vrms/batt,temp1_C,temp2_C,temp3_C,temp4_C,temp5_C,temp6_C,pulse,address,button1,button2,button3,button4,data,group,sid,transmit,moisture,type,pressure_PSI,battery_mV,pressure_kPa,pulses,energy,device id,code,len,to,from,payload,event,heartbeat,brandmodelidstatus,temperature_C1,temperature_C2,test,probe,water,ptemperature_C,phumidity,newbattery,heating,heating_temp,uvi,light_lux,counter,alarm,depth_cm,repeat,maybe_battery,typeid,modelid,temperature_1_C,temperature_2_C,device_type,raw_message,switch1,switch2,switch3,switch4,switch5,seq,extradata,house_id,module_id,sensor_type,sensor_count,alarms,sensor_value,battery_voltage,failed,class,alert,secret_knock,relay
time,msg,codes,model,button,id,channel,battery,temperature_C,mic,rid,humidity,state,status,brand,rain_rate,rain_total,gust,average,direction,pressure_hPa,uv,power_W,energy_kWh,unit,group_call,command,dim,dim_value,wind_speed,wind_gust,wind_direction,dipswitch,rbutton,device,temperature_F,brandmodelidtemperature_C,setpoint_C,switch,cmd,cmd_id,modelidcmd,tristate,direction_deg,speed,rain,msg_type,signal,hours,minutes,seconds,year,month,day,sensor_code,uv_status,uv_index,lux,wm,ws_id,rainfall_mm,wind_speed_ms,gust_speed_ms,current,interval,learn,sensor_id,battery_low,sequence_num,message_type,wind_speed_mph,wind_dir_deg,wind_dir,rain_inch,rc,gust_speed_mph,wind_approach,rain_mm,flags,maybetemp,binding_countdown,depth,dev_id,power0,power1,power2,node,ct1,ct2,ct3,ct4,Vrms/batt,temp1_C,temp2_C,temp3_C,temp4_C,temp5_C,temp6_C,pulse,address,button1,button2,button3,button4,data,group,sid,transmit,moisture,type,pressure_PSI,battery_mV,pressure_kPa,pulses,energy,device id,code,len,to,from,payload,event,heartbeat,brandmodelidstatus,temperature_C1,temperature_C2,test,probe,water,ptemperature_C,phumidity,newbattery,heating,heating_temp,uvi,light_lux,counter,alarm,depth_cm,repeat,maybe_battery,typeid,modelid,temperature_1_C,temperature_2_C,device_type,raw_message,switch1,switch2,switch3,switch4,switch5,seq,extradata,house_id,module_id,sensor_type,sensor_count,alarms,sensor_value,battery_voltage,failed,class,alert,secret_knock,relay
time,msg,codes,model,button,id,channel,battery,temperature_C,mic,rid,humidity,state,status,brand,rain_rate,rain_total,gust,average,direction,pressure_hPa,uv,power_W,energy_kWh,unit,group_call,command,dim,dim_value,wind_speed,wind_gust,wind_direction,dipswitch,rbutton,device,temperature_F,brandmodelidtemperature_C,setpoint_C,switch,cmd,cmd_id,modelidcmd,tristate,direction_deg,speed,rain,msg_type,signal,hours,minutes,seconds,year,month,day,sensor_code,uv_status,uv_index,lux,wm,ws_id,rainfall_mm,wind_speed_ms,gust_speed_ms,current,interval,learn,sensor_id,battery_low,sequence_num,message_type,wind_speed_mph,wind_dir_deg,wind_dir,rain_inch,rc,gust_speed_mph,wind_approach,rain_mm,flags,maybetemp,binding_countdown,depth,dev_id,power0,power1,power2,node,ct1,ct2,ct3,ct4,Vrms/batt,temp1_C,temp2_C,temp3_C,temp4_C,temp5_C,temp6_C,pulse,address,button1,button2,button3,button4,data,group,sid,transmit,moisture,type,pressure_PSI,battery_mV,pressure_kPa,pulses,energy,device id,code,len,to,from,payload,event,heartbeat,brandmodelidstatus,temperature_C1,temperature_C2,test,probe,water,ptemperature_C,phumidity,newbattery,heating,heating_temp,uvi,light_lux,counter,alarm,depth_cm,repeat,maybe_battery,typeid,modelid,temperature_1_C,temperature_2_C,device_type,raw_message,switch1,switch2,switch3,switch4,switch5,seq,extradata,house_id,module_id,sensor_type,sensor_count,alarms,sensor_value,battery_voltage,failed,class,alert,secret_knock,relay
time,msg,codes,model,button,id,channel,battery,temperature_C,mic,rid,humidity,state,status,brand,rain_rate,rain_total,gust,average,direction,pressure_hPa,uv,power_W,energy_kWh,unit,group_call,command,dim,dim_value,wind_speed,wind_gust,wind_direction,dipswitch,rbutton,device,temperature_F,brandmodelidtemperature_C,setpoint_C,switch,cmd,cmd_id,modelidcmd,tristate,direction_deg,speed,rain,msg_type,signal,hours,minutes,seconds,year,month,day,sensor_code,uv_status,uv_index,lux,wm,ws_id,rainfall_mm,wind_speed_ms,gust_speed_ms,current,interval,learn,sensor_id,battery_low,sequence_num,message_type,wind_speed_mph,wind_dir_deg,wind_dir,rain_inch,rc,gust_speed_mph,wind_approach,rain_mm,flags,maybetemp,binding_countdown,depth,dev_id,power0,power1,power2,node,ct1,ct2,ct3,ct4,Vrms/batt,temp1_C,temp2_C,temp3_C,temp4_C,temp5_C,temp6_C,pulse,address,button1,button2,button3,button4,data,group,sid,transmit,moisture,type,pressure_PSI,battery_mV,pressure_kPa,pulses,energy,device id,code,len,to,from,payload,event,heartbeat,brandmodelidstatus,temperature_C1,temperature_C2,test,probe,water,ptemperature_C,phumidity,newbattery,heating,heating_temp,uvi,light_lux,counter,alarm,depth_cm,repeat,maybe_battery,typeid,modelid,temperature_1_C,temperature_2_C,device_type,raw_message,switch1,switch2,switch3,switch4,switch5,seq,extradata,house_id,module_id,sensor_type,sensor_count,alarms,sensor_value,battery_voltage,failed,class,alert,secret_knock,relay
time,msg,codes,model,button,id,channel,battery,temperature_C,mic,rid,humidity,state,status,brand,rain_rate,rain_total,gust,average,direction,pressure_hPa,uv,power_W,energy_kWh,unit,group_call,command,dim,dim_value,wind_speed,wind_gust,wind_direction,dipswitch,rbutton,device,temperature_F,brandmodelidtemperature_C,setpoint_C,switch,cmd,cmd_id,modelidcmd,tristate,direction_deg,speed,rain,msg_type,signal,hours,minutes,seconds,year,month,day,sensor_code,uv_status,uv_index,lux,wm,ws_id,rainfall_mm,wind_speed_ms,gust_speed_ms,current,interval,learn,sensor_id,battery_low,sequence_num,message_type,wind_speed_mph,wind_dir_deg,wind_dir,rain_inch,rc,gust_speed_mph,wind_approach,rain_mm,flags,maybetemp,binding_countdown,depth,dev_id,power0,power1,power2,node,ct1,ct2,ct3,ct4,Vrms/batt,temp1_C,temp2_C,temp3_C,temp4_C,temp5_C,temp6_C,pulse,address,button1,button2,button3,button4,data,group,sid,transmit,moisture,type,pressure_PSI,battery_mV,pressure_kPa,pulses,energy,device id,code,len,to,from,payload,event,heartbeat,brandmodelidstatus,temperature_C1,temperature_C2,test,probe,water,ptemperature_C,phumidity,newbattery,heating,heating_temp,uvi,light_lux,counter,alarm,depth_cm,repeat,maybe_battery,typeid,modelid,temperature_1_C,temperature_2_C,device_type,raw_message,switch1,switch2,switch3,switch4,switch5,seq,extradata,house_id,module_id,sensor_type,sensor_count,alarms,sensor_value,battery_voltage,failed,class,alert,secret_knock,relay
time,msg,codes,model,button,id,channel,battery,temperature_C,mic,rid,humidity,state,status,brand,rain_rate,rain_total,gust,average,direction,pressure_hPa,uv,power_W,energy_kWh,unit,group_call,command,dim,dim_value,wind_speed,wind_gust,wind_direction,dipswitch,rbutton,device,temperature_F,brandmodelidtemperature_C,setpoint_C,switch,cmd,cmd_id,modelidcmd,tristate,direction_deg,speed,rain,msg_type,signal,hours,minutes,seconds,year,month,day,sensor_code,uv_status,uv_index,lux,wm,ws_id,rainfall_mm,wind_speed_ms,gust_speed_ms,current,interval,learn,sensor_id,battery_low,sequence_num,message_type,wind_speed_mph,wind_dir_deg,wind_dir,rain_inch,rc,gust_speed_mph,wind_approach,rain_mm,flags,maybetemp,binding_countdown,depth,dev_id,power0,power1,power2,node,ct1,ct2,ct3,ct4,Vrms/batt,temp1_C,temp2_C,temp3_C,temp4_C,temp5_C,temp6_C,pulse,address,button1,button2,button3,button4,data,group,sid,transmit,moisture,type,pressure_PSI,battery_mV,pressure_kPa,pulses,energy,device id,code,len,to,from,payload,event,heartbeat,brandmodelidstatus,temperature_C1,temperature_C2,test,probe,water,ptemperature_C,phumidity,newbattery,heating,heating_temp,uvi,light_lux,counter,alarm,depth_cm,repeat,maybe_battery,typeid,modelid,temperature_1_C,temperature_2_C,device_type,raw_message,switch1,switch2,switch3,switch4,switch5,seq,extradata,house_id,module_id,sensor_type,sensor_count,alarms,sensor_value,battery_voltage,failed,class,alert,secret_knock,relay
time,msg,codes,model,button,id,channel,battery,temperature_C,mic,rid,humidity,state,status,brand,rain_rate,rain_total,gust,average,direction,pressure_hPa,uv,power_W,energy_kWh,unit,group_call,command,dim,dim_value,wind_speed,wind_gust,wind_direction,dipswitch,rbutton,device,temperature_F,brandmodelidtemperature_C,setpoint_C,switch,cmd,cmd_id,modelidcmd,tristate,direction_deg,speed,rain,msg_type,signal,hours,minutes,seconds,year,month,day,sensor_code,uv_status,uv_index,lux,wm,ws_id,rainfall_mm,wind_speed_ms,gust_speed_ms,current,interval,learn,sensor_id,battery_low,sequence_num,message_type,wind_speed_mph,wind_dir_deg,wind_dir,rain_inch,rc,gust_speed_mph,wind_approach,rain_mm,flags,maybetemp,binding_countdown,depth,dev_id,power0,power1,power2,node,ct1,ct2,ct3,ct4,Vrms/batt,temp1_C,temp2_C,temp3_C,temp4_C,temp5_C,temp6_C,pulse,address,button1,button2,button3,button4,data,group,sid,transmit,moisture,type,pressure_PSI,battery_mV,pressure_kPa,pulses,energy,device id,code,len,to,from,payload,event,heartbeat,brandmodelidstatus,temperature_C1,temperature_C2,test,probe,water,ptemperature_C,phumidity,newbattery,heating,heating_temp,uvi,light_lux,counter,alarm,depth_cm,repeat,maybe_battery,typeid,modelid,temperature_1_C,temperature_2_C,device_type,raw_message,switch1,switch2,switch3,switch4,switch5,seq,extradata,house_id,module_id,sensor_type,sensor_count,alarms,sensor_value,battery_voltage,failed,class,alert,secret_knock,relay
time,msg,codes,model,button,id,channel,battery,temperature_C,mic,rid,humidity,state,status,brand,rain_rate,rain_total,gust,average,direction,pressure_hPa,uv,power_W,energy_kWh,unit,group_call,command,dim,dim_value,wind_speed,wind_gust,wind_direction,dipswitch,rbutton,device,temperature_F,brandmodelidtemperature_C,setpoint_C,switch,cmd,cmd_id,modelidcmd,tristate,direction_deg,speed,rain,msg_type,signal,hours,minutes,seconds,year,month,day,sensor_code,uv_status,uv_index,lux,wm,ws_id,rainfall_mm,wind_speed_ms,gust_speed_ms,current,interval,learn,sensor_id,battery_low,sequence_num,message_type,wind_speed_mph,wind_dir_deg,wind_dir,rain_inch,rc,gust_speed_mph,wind_approach,rain_mm,flags,maybetemp,binding_countdown,depth,dev_id,power0,power1,power2,node,ct1,ct2,ct3,ct4,Vrms/batt,temp1_C,temp2_C,temp3_C,temp4_C,temp5_C,temp6_C,pulse,address,button1,button2,button3,button4,data,group,sid,transmit,moisture,type,pressure_PSI,battery_mV,pressure_kPa,pulses,energy,device id,code,len,to,from,payload,event,heartbeat,brandmodelidstatus,temperature_C1,temperature_C2,test,probe,water,ptemperature_C,phumidity,newbattery,heating,heating_temp,uvi,light_lux,counter,alarm,depth_cm,repeat,maybe_battery,typeid,modelid,temperature_1_C,temperature_2_C,device_type,raw_message,switch1,switch2,switch3,switch4,switch5,seq,extradata,house_id,module_id,sensor_type,sensor_count,alarms,sensor_value,battery_voltage,failed,class,alert,secret_knock,relay
time,msg,codes,model,button,id,channel,battery,temperature_C,mic,rid,humidity,state,status,brand,rain_rate,rain_total,gust,average,direction,pressure_hPa,uv,power_W,energy_kWh,unit,group_call,command,dim,dim_value,wind_speed,wind_gust,wind_direction,dipswitch,rbutton,device,temperature_F,brandmodelidtemperature_C,setpoint_C,switch,cmd,cmd_id,modelidcmd,tristate,direction_deg,speed,rain,msg_type,signal,hours,minutes,seconds,year,month,day,sensor_code,uv_status,uv_index,lux,wm,ws_id,rainfall_mm,wind_speed_ms,gust_speed_ms,current,interval,learn,sensor_id,battery_low,sequence_num,message_type,wind_speed_mph,wind_dir_deg,wind_dir,rain_inch,rc,gust_speed_mph,wind_approach,rain_mm,flags,maybetemp,binding_countdown,depth,dev_id,power0,power1,power2,node,ct1,ct2,ct3,ct4,Vrms/batt,temp1_C,temp2_C,temp3_C,temp4_C,temp5_C,temp6_C,pulse,address,button1,button2,button3,button4,data,group,sid,transmit,moisture,type,pressure_PSI,battery_mV,pressure_kPa,pulses,energy,device id,code,len,to,from,payload,event,heartbeat,brandmodelidstatus,temperature_C1,temperature_C2,test,probe,water,ptemperature_C,phumidity,newbattery,heating,heating_temp,uvi,light_lux,counter,alarm,depth_cm,repeat,maybe_battery,typeid,modelid,temperature_1_C,temperature_2_C,device_type,raw_message,switch1,switch2,switch3,switch4,switch5,seq,extradata,house_id,module_id,sensor_type,sensor_count,alarms,sensor_value,battery_voltage,failed,class,alert,secret_knock,relay
time,msg,codes,model,button,id,channel,battery,temperature_C,mic,rid,humidity,state,status,brand,rain_rate,rain_total,gust,average,direction,pressure_hPa,uv,power_W,energy_kWh,unit,group_call,command,dim,dim_value,wind_speed,wind_gust,wind_direction,dipswitch,rbutton,device,temperature_F,brandmodelidtemperature_C,setpoint_C,switch,cmd,cmd_id,modelidcmd,tristate,direction_deg,speed,rain,msg_type,signal,hours,minutes,seconds,year,month,day,sensor_code,uv_status,uv_index,lux,wm,ws_id,rainfall_mm,wind_speed_ms,gust_speed_ms,current,interval,learn,sensor_id,battery_low,sequence_num,message_type,wind_speed_mph,wind_dir_deg,wind_dir,rain_inch,rc,gust_speed_mph,wind_approach,rain_mm,flags,maybetemp,binding_countdown,depth,dev_id,power0,power1,power2,node,ct1,ct2,ct3,ct4,Vrms/batt,temp1_C,temp2_C,temp3_C,temp4_C,temp5_C,temp6_C,pulse,address,button1,button2,button3,button4,data,group,sid,transmit,moisture,type,pressure_PSI,battery_mV,pressure_kPa,pulses,energy,device id,code,len,to,from,payload,event,heartbeat,brandmodelidstatus,temperature_C1,temperature_C2,test,probe,water,ptemperature_C,phumidity,newbattery,heating,heating_temp,uvi,light_lux,counter,alarm,depth_cm,repeat,maybe_battery,typeid,modelid,temperature_1_C,temperature_2_C,device_type,raw_message,switch1,switch2,switch3,switch4,switch5,seq,extradata,house_id,module_id,sensor_type,sensor_count,alarms,sensor_value,battery_voltage,failed,class,alert,secret_knock,relay
time,msg,codes,model,button,id,channel,battery,temperature_C,mic,rid,humidity,state,status,brand,rain_rate,rain_total,gust,average,direction,pressure_hPa,uv,power_W,energy_kWh,unit,group_call,command,dim,dim_value,wind_speed,wind_gust,wind_direction,dipswitch,rbutton,device,temperature_F,brandmodelidtemperature_C,setpoint_C,switch,cmd,cmd_id,modelidcmd,tristate,direction_deg,speed,rain,msg_type,signal,hours,minutes,seconds,year,month,day,sensor_code,uv_status,uv_index,lux,wm,ws_id,rainfall_mm,wind_speed_ms,gust_speed_ms,current,interval,learn,sensor_id,battery_low,sequence_num,message_type,wind_speed_mph,wind_dir_deg,wind_dir,rain_inch,rc,gust_speed_mph,wind_approach,rain_mm,flags,maybetemp,binding_countdown,depth,dev_id,power0,power1,power2,node,ct1,ct2,ct3,ct4,Vrms/batt,temp1_C,temp2_C,temp3_C,temp4_C,temp5_C,temp6_C,pulse,address,button1,button2,button3,button4,data,group,sid,transmit,moisture,type,pressure_PSI,battery_mV,pressure_kPa,pulses,energy,device id,code,len,to,from,payload,event,heartbeat,brandmodelidstatus,temperature_C1,temperature_C2,test,probe,water,ptemperature_C,phumidity,newbattery,heating,heating_temp,uvi,light_lux,counter,alarm,depth_cm,repeat,maybe_battery,typeid,modelid,temperature_1_C,temperature_2_C,device_type,raw_message,switch1,switch2,switch3,switch4,switch5,seq,extradata,house_id,module_id,sensor_type,sensor_count,alarms,sensor_value,battery_voltage,failed,class,alert,secret_knock,relay
time,msg,codes,model,button,id,channel,battery,temperature_C,mic,rid,humidity,state,status,brand,rain_rate,rain_total,gust,average,direction,pressure_hPa,uv,power_W,energy_kWh,unit,group_call,command,dim,dim_value,wind_speed,wind_gust,wind_direction,dipswitch,rbutton,device,temperature_F,brandmodelidtemperature_C,setpoint_C,switch,cmd,cmd_id,modelidcmd,tristate,direction_deg,speed,rain,msg_type,signal,hours,minutes,seconds,year,month,day,sensor_code,uv_status,uv_index,lux,wm,ws_id,rainfall_mm,wind_speed_ms,gust_speed_ms,current,interval,learn,sensor_id,battery_low,sequence_num,message_type,wind_speed_mph,wind_dir_deg,wind_dir,rain_inch,rc,gust_speed_mph,wind_approach,rain_mm,flags,maybetemp,binding_countdown,depth,dev_id,power0,power1,power2,node,ct1,ct2,ct3,ct4,Vrms/batt,temp1_C,temp2_C,temp3_C,temp4_C,temp5_C,temp6_C,pulse,address,button1,button2,button3,button4,data,group,sid,transmit,moisture,type,pressure_PSI,battery_mV,pressure_kPa,pulses,energy,device id,code,len,to,from,payload,event,heartbeat,brandmodelidstatus,temperature_C1,temperature_C2,test,probe,water,ptemperature_C,phumidity,newbattery,heating,heating_temp,uvi,light_lux,counter,alarm,depth_cm,repeat,maybe_battery,typeid,modelid,temperature_1_C,temperature_2_C,device_type,raw_message,switch1,switch2,switch3,switch4,switch5,seq,extradata,house_id,module_id,sensor_type,sensor_count,alarms,sensor_value,battery_voltage,failed,class,alert,secret_knock,relay
time,msg,codes,model,button,id,channel,battery,temperature_C,mic,rid,humidity,state,status,brand,rain_rate,rain_total,gust,average,direction,pressure_hPa,uv,power_W,energy_kWh,unit,group_call,command,dim,dim_value,wind_speed,wind_gust,wind_direction,dipswitch,rbutton,device,temperature_F,brandmodelidtemperature_C,setpoint_C,switch,cmd,cmd_id,modelidcmd,tristate,direction_deg,speed,rain,msg_type,signal,hours,minutes,seconds,year,month,day,sensor_code,uv_status,uv_index,lux,wm,ws_id,rainfall_mm,wind_speed_ms,gust_speed_ms,current,interval,learn,sensor_id,battery_low,sequence_num,message_type,wind_speed_mph,wind_dir_deg,wind_dir,rain_inch,rc,gust_speed_mph,wind_approach,rain_mm,flags,maybetemp,binding_countdown,depth,dev_id,power0,power1,power2,node,ct1,ct2,ct3,ct4,Vrms/batt,temp1_C,temp2_C,temp3_C,temp4_C,temp5_C,temp6_C,pulse,address,button1,button2,button3,button4,data,group,sid,transmit,moisture,type,pressure_PSI,battery_mV,pressure_kPa,pulses,energy,device id,code,len,to,from,payload,event,heartbeat,brandmodelidstatus,temperature_C1,temperature_C2,test,probe,water,ptemperature_C,phumidity,newbattery,heating,heating_temp,uvi,light_lux,counter,alarm,depth_cm,repeat,maybe_battery,typeid,modelid,temperature_1_C,temperature_2_C,device_type,raw_message,switch1,switch2,switch3,switch4,switch5,seq,extradata,house_id,module_id,sensor_type,sensor_count,alarms,sensor_value,battery_voltage,failed,class,alert,secret_knock,relay
time,msg,codes,model,button,id,channel,battery,temperature_C,mic,rid,humidity,state,status,brand,rain_rate,rain_total,gust,average,direction,pressure_hPa,uv,power_W,energy_kWh,unit,group_call,command,dim,dim_value,wind_speed,wind_gust,wind_direction,dipswitch,rbutton,device,temperature_F,brandmodelidtemperature_C,setpoint_C,switch,cmd,cmd_id,modelidcmd,tristate,direction_deg,speed,rain,msg_type,signal,hours,minutes,seconds,year,month,day,sensor_code,uv_status,uv_index,lux,wm,ws_id,rainfall_mm,wind_speed_ms,gust_speed_ms,current,interval,learn,sensor_id,battery_low,sequence_num,message_type,wind_speed_mph,wind_dir_deg,wind_dir,rain_inch,rc,gust_speed_mph,wind_approach,rain_mm,flags,maybetemp,binding_countdown,depth,dev_id,power0,power1,power2,node,ct1,ct2,ct3,ct4,Vrms/batt,temp1_C,temp2_C,temp3_C,temp4_C,temp5_C,temp6_C,pulse,address,button1,button2,button3,button4,data,group,sid,transmit,moisture,type,pressure_PSI,battery_mV,pressure_kPa,pulses,energy,device id,code,len,to,from,payload,event,heartbeat,brandmodelidstatus,temperature_C1,temperature_C2,test,probe,water,ptemperature_C,phumidity,newbattery,heating,heating_temp,uvi,light_lux,counter,alarm,depth_cm,repeat,maybe_battery,typeid,modelid,temperature_1_C,temperature_2_C,device_type,raw_message,switch1,switch2,switch3,switch4,switch5,seq,extradata,house_id,module_id,sensor_type,sensor_count,alarms,sensor_value,battery_voltage,failed,class,alert,secret_knock,relay
time,msg,codes,model,button,id,channel,battery,temperature_C,mic,rid,humidity,state,status,brand,rain_rate,rain_total,gust,average,direction,pressure_hPa,uv,power_W,energy_kWh,unit,group_call,command,dim,dim_value,wind_speed,wind_gust,wind_direction,dipswitch,rbutton,device,temperature_F,brandmodelidtemperature_C,setpoint_C,switch,cmd,cmd_id,modelidcmd,tristate,direction_deg,speed,rain,msg_type,signal,hours,minutes,seconds,year,month,day,sensor_code,uv_status,uv_index,lux,wm,ws_id,rainfall_mm,wind_speed_ms,gust_speed_ms,current,interval,learn,sensor_id,battery_low,sequence_num,message_type,wind_speed_mph,wind_dir_deg,wind_dir,rain_inch,rc,gust_speed_mph,wind_approach,rain_mm,flags,maybetemp,binding_countdown,depth,dev_id,power0,power1,power2,node,ct1,ct2,ct3,ct4,Vrms/batt,temp1_C,temp2_C,temp3_C,temp4_C,temp5_C,temp6_C,pulse,address,button1,button2,button3,button4,data,group,sid,transmit,moisture,type,pressure_PSI,battery_mV,pressure_kPa,pulses,energy,device id,code,len,to,from,payload,event,heartbeat,brandmodelidstatus,temperature_C1,temperature_C2,test,probe,water,ptemperature_C,phumidity,newbattery,heating,heating_temp,uvi,light_lux,counter,alarm,depth_cm,repeat,maybe_battery,typeid,modelid,temperature_1_C,temperature_2_C,device_type,raw_message,switch1,switch2,switch3,switch4,switch5,seq,extradata,house_id,module_id,sensor_type,sensor_count,alarms,sensor_value,battery_voltage,failed,class,alert,secret_knock,relay
time,msg,codes,model,button,id,channel,battery,temperature_C,mic,rid,humidity,state,status,brand,rain_rate,rain_total,gust,average,direction,pressure_hPa,uv,power_W,energy_kWh,unit,group_call,command,dim,dim_value,wind_speed,wind_gust,wind_direction,dipswitch,rbutton,device,temperature_F,brandmodelidtemperature_C,setpoint_C,switch,cmd,cmd_id,modelidcmd,tristate,direction_deg,speed,rain,msg_type,signal,hours,minutes,seconds,year,month,day,sensor_code,uv_status,uv_index,lux,wm,ws_id,rainfall_mm,wind_speed_ms,gust_speed_ms,current,interval,learn,sensor_id,battery_low,sequence_num,message_type,wind_speed_mph,wind_dir_deg,wind_dir,rain_inch,rc,gust_speed_mph,wind_approach,rain_mm,flags,maybetemp,binding_countdown,depth,dev_id,power0,power1,power2,node,ct1,ct2,ct3,ct4,Vrms/batt,temp1_C,temp2_C,temp3_C,temp4_C,temp5_C,temp6_C,pulse,address,button1,button2,button3,button4,data,group,sid,transmit,moisture,type,pressure_PSI,battery_mV,pressure_kPa,pulses,energy,device id,code,len,to,from,payload,event,heartbeat,brandmodelidstatus,temperature_C1,temperature_C2,test,probe,water,ptemperature_C,phumidity,newbattery,heating,heating_temp,uvi,light_lux,counter,alarm,depth_cm,repeat,maybe_battery,typeid,modelid,temperature_1_C,temperature_2_C,device_type,raw_message,switch1,switch2,switch3,switch4,switch5,seq,extradata,house_id,module_id,sensor_type,sensor_count,alarms,sensor_value,battery_voltage,failed,class,alert,secret_knock,relay
time,msg,codes,model,button,id,channel,battery,temperature_C,mic,rid,humidity,state,status,brand,rain_rate,rain_total,gust,average,direction,pressure_hPa,uv,power_W,energy_kWh,unit,group_call,command,dim,dim_value,wind_speed,wind_gust,wind_direction,dipswitch,rbutton,device,temperature_F,brandmodelidtemperature_C,setpoint_C,switch,cmd,cmd_id,modelidcmd,tristate,direction_deg,speed,rain,msg_type,signal,hours,minutes,seconds,year,month,day,sensor_code,uv_status,uv_index,lux,wm,ws_id,rainfall_mm,wind_speed_ms,gust_speed_ms,current,interval,learn,sensor_id,battery_low,sequence_num,message_type,wind_speed_mph,wind_dir_deg,wind_dir,rain_inch,rc,gust_speed_mph,wind_approach,rain_mm,flags,maybetemp,binding_countdown,depth,dev_id,power0,power1,power2,node,ct1,ct2,ct3,ct4,Vrms/batt,temp1_C,temp2_C,temp3_C,temp4_C,temp5_C,temp6_C,pulse,address,button1,button2,button3,button4,data,group,sid,transmit,moisture,type,pressure_PSI,battery_mV,pressure_kPa,pulses,energy,device id,code,len,to,from,payload,event,heartbeat,brandmodelidstatus,temperature_C1,temperature_C2,test,probe,water,ptemperature_C,phumidity,newbattery,heating,heating_temp,uvi,light_lux,counter,alarm,depth_cm,repeat,maybe_battery,typeid,modelid,temperature_1_C,temperature_2_C,device_type,raw_message,switch1,switch2,switch3,switch4,switch5,seq,extradata,house_id,module_id,sensor_type,sensor_count,alarms,sensor_value,battery_voltage,failed,class,alert,secret_knock,relay
time,msg,codes,model,button,id,channel,battery,temperature_C,mic,rid,humidity,state,status,brand,rain_rate,rain_total,gust,average,direction,pressure_hPa,uv,power_W,energy_kWh,unit,group_call,command,dim,dim_value,wind_speed,wind_gust,wind_direction,dipswitch,rbutton,device,temperature_F,brandmodelidtemperature_C,setpoint_C,switch,cmd,cmd_id,modelidcmd,tristate,direction_deg,speed,rain,msg_type,signal,hours,minutes,seconds,year,month,day,sensor_code,uv_status,uv_index,lux,wm,ws_id,rainfall_mm,wind_speed_ms,gust_speed_ms,current,interval,learn,sensor_id,battery_low,sequence_num,message_type,wind_speed_mph,wind_dir_deg,wind_dir,rain_inch,rc,gust_speed_mph,wind_approach,rain_mm,flags,maybetemp,binding_countdown,depth,dev_id,power0,power1,power2,node,ct1,ct2,ct3,ct4,Vrms/batt,temp1_C,temp2_C,temp3_C,temp4_C,temp5_C,temp6_C,pulse,address,button1,button2,button3,button4,data,group,sid,transmit,moisture,type,pressure_PSI,battery_mV,pressure_kPa,pulses,energy,device id,code,len,to,from,payload,event,heartbeat,brandmodelidstatus,temperature_C1,temperature_C2,test,probe,water,ptemperature_C,phumidity,newbattery,heating,heating_temp,uvi,light_lux,counter,alarm,depth_cm,repeat,maybe_battery,typeid,modelid,temperature_1_C,temperature_2_C,device_type,raw_message,switch1,switch2,switch3,switch4,switch5,seq,extradata,house_id,module_id,sensor_type,sensor_count,alarms,sensor_value,battery_voltage,failed,class,alert,secret_knock,relay
time,msg,codes,model,button,id,channel,battery,temperature_C,mic,rid,humidity,state,status,brand,rain_rate,rain_total,gust,average,direction,pressure_hPa,uv,power_W,energy_kWh,unit,group_call,command,dim,dim_value,wind_speed,wind_gust,wind_direction,dipswitch,rbutton,device,temperature_F,brandmodelidtemperature_C,setpoint_C,switch,cmd,cmd_id,modelidcmd,tristate,direction_deg,speed,rain,msg_type,signal,hours,minutes,seconds,year,month,day,sensor_code,uv_status,uv_index,lux,wm,ws_id,rainfall_mm,wind_speed_ms,gust_speed_ms,current,interval,learn,sensor_id,battery_low,sequence_num,message_type,wind_speed_mph,wind_dir_deg,wind_dir,rain_inch,rc,gust_speed_mph,wind_approach,rain_mm,flags,maybetemp,binding_countdown,depth,dev_id,power0,power1,power2,node,ct1,ct2,ct3,ct4,Vrms/batt,temp1_C,temp2_C,temp3_C,temp4_C,temp5_C,temp6_C,pulse,address,button1,button2,button3,button4,data,group,sid,transmit,moisture,type,pressure_PSI,battery_mV,pressure_kPa,pulses,energy,device id,code,len,to,from,payload,event,heartbeat,brandmodelidstatus,temperature_C1,temperature_C2,test,probe,water,ptemperature_C,phumidity,newbattery,heating,heating_temp,uvi,light_lux,counter,alarm,depth_cm,repeat,maybe_battery,typeid,modelid,temperature_1_C,temperature_2_C,device_type,raw_message,switch1,switch2,switch3,switch4,switch5,seq,extradata,house_id,module_id,sensor_type,sensor_count,alarms,sensor_value,battery_voltage,failed,class,alert,secret_knock,relay
time,msg,codes,model,button,id,channel,battery,temperature_C,mic,rid,humidity,state,status,brand,rain_rate,rain_total,gust,average,direction,pressure_hPa,uv,power_W,energy_kWh,unit,group_call,command,dim,dim_value,wind_speed,wind_gust,wind_direction,dipswitch,rbutton,device,temperature_F,brandmodelidtemperature_C,setpoint_C,switch,cmd,cmd_id,modelidcmd,tristate,direction_deg,speed,rain,msg_type,signal,hours,minutes,seconds,year,month,day,sensor_code,uv_status,uv_index,lux,wm,ws_id,rainfall_mm,wind_speed_ms,gust_speed_ms,current,interval,learn,sensor_id,battery_low,sequence_num,message_type,wind_speed_mph,wind_dir_deg,wind_dir,rain_inch,rc,gust_speed_mph,wind_approach,rain_mm,flags,maybetemp,binding_countdown,depth,dev_id,power0,power1,power2,node,ct1,ct2,ct3,ct4,Vrms/batt,temp1_C,temp2_C,temp3_C,temp4_C,temp5_C,temp6_C,pulse,address,button1,button2,button3,button4,data,group,sid,transmit,moisture,type,pressure_PSI,battery_mV,pressure_kPa,pulses,energy,device id,code,len,to,from,payload,event,heartbeat,brandmodelidstatus,temperature_C1,temperature_C2,test,probe,water,ptemperature_C,phumidity,newbattery,heating,heating_temp,uvi,light_lux,counter,alarm,depth_cm,repeat,maybe_battery,typeid,modelid,temperature_1_C,temperature_2_C,device_type,raw_message,switch1,switch2,switch3,switch4,switch5,seq,extradata,house_id,module_id,sensor_type,sensor_count,alarms,sensor_value,battery_voltage,failed,class,alert,secret_knock,relay
2019-03-18 10:33:16,,,AlectoV1 Temperature Sensor,,114,3,OK,20.300,CHECKSUM,,55,,,,,,,,,,,,,,,,,,,,,,,,,,,,,,,,,,,,,,,,,,,,,,,,,,,,,,,,,,,,,,,,,,,,,,,,,,,,,,,,,,,,,,,,,,,,,,,,,,,,,,,,,,,,,,,,,,,,,,,,,,,,,,,,,,,,,,,,,,,,,,,,,,,,,,,,,,
time,msg,codes,model,button,id,channel,battery,temperature_C,mic,rid,humidity,state,status,brand,rain_rate,rain_total,gust,average,direction,pressure_hPa,uv,power_W,energy_kWh,unit,group_call,command,dim,dim_value,wind_speed,wind_gust,wind_direction,dipswitch,rbutton,device,temperature_F,brandmodelidtemperature_C,setpoint_C,switch,cmd,cmd_id,modelidcmd,tristate,direction_deg,speed,rain,msg_type,signal,hours,minutes,seconds,year,month,day,sensor_code,uv_status,uv_index,lux,wm,ws_id,rainfall_mm,wind_speed_ms,gust_speed_ms,current,interval,learn,sensor_id,battery_low,sequence_num,message_type,wind_speed_mph,wind_dir_deg,wind_dir,rain_inch,rc,gust_speed_mph,wind_approach,rain_mm,flags,maybetemp,binding_countdown,depth,dev_id,power0,power1,power2,node,ct1,ct2,ct3,ct4,Vrms/batt,temp1_C,temp2_C,temp3_C,temp4_C,temp5_C,temp6_C,pulse,address,button1,button2,button3,button4,data,group,sid,transmit,moisture,type,pressure_PSI,battery_mV,pressure_kPa,pulses,energy,device id,code,len,to,from,payload,event,heartbeat,brandmodelidstatus,temperature_C1,temperature_C2,test,probe,water,ptemperature_C,phumidity,newbattery,heating,heating_temp,uvi,light_lux,counter,alarm,depth_cm,repeat,maybe_battery,typeid,modelid,temperature_1_C,temperature_2_C,device_type,raw_message,switch1,switch2,switch3,switch4,switch5,seq,extradata,house_id,module_id,sensor_type,sensor_count,alarms,sensor_value,battery_voltage,failed,class,alert,secret_knock,relay
2019-03-18 10:40:19,,,AlectoV1 Temperature Sensor,,114,3,OK,20.500,CHECKSUM,,54,,,,,,,,,,,,,,,,,,,,,,,,,,,,,,,,,,,,,,,,,,,,,,,,,,,,,,,,,,,,,,,,,,,,,,,,,,,,,,,,,,,,,,,,,,,,,,,,,,,,,,,,,,,,,,,,,,,,,,,,,,,,,,,,,,,,,,,,,,,,,,,,,,,,,,,,,,
2019-03-18 10:42:50,,,AlectoV1 Temperature Sensor,,114,3,OK,20.600,CHECKSUM,,54,,,,,,,,,,,,,,,,,,,,,,,,,,,,,,,,,,,,,,,,,,,,,,,,,,,,,,,,,,,,,,,,,,,,,,,,,,,,,,,,,,,,,,,,,,,,,,,,,,,,,,,,,,,,,,,,,,,,,,,,,,,,,,,,,,,,,,,,,,,,,,,,,,,,,,,,,,
time,msg,codes,model,button,id,channel,battery,temperature_C,mic,rid,humidity,state,status,brand,rain_rate,rain_total,gust,average,direction,pressure_hPa,uv,power_W,energy_kWh,unit,group_call,command,dim,dim_value,wind_speed,wind_gust,wind_direction,dipswitch,rbutton,device,temperature_F,brandmodelidtemperature_C,setpoint_C,switch,cmd,cmd_id,modelidcmd,tristate,direction_deg,speed,rain,msg_type,signal,hours,minutes,seconds,year,month,day,sensor_code,uv_status,uv_index,lux,wm,ws_id,rainfall_mm,wind_speed_ms,gust_speed_ms,current,interval,learn,sensor_id,battery_low,sequence_num,message_type,wind_speed_mph,wind_dir_deg,wind_dir,rain_inch,rc,gust_speed_mph,wind_approach,rain_mm,flags,maybetemp,binding_countdown,depth,dev_id,power0,power1,power2,node,ct1,ct2,ct3,ct4,Vrms/batt,temp1_C,temp2_C,temp3_C,temp4_C,temp5_C,temp6_C,pulse,address,button1,button2,button3,button4,data,group,sid,transmit,moisture,type,pressure_PSI,battery_mV,pressure_kPa,pulses,energy,device id,code,len,to,from,payload,event,heartbeat,brandmodelidstatus,temperature_C1,temperature_C2,test,probe,water,ptemperature_C,phumidity,newbattery,heating,heating_temp,uvi,light_lux,counter,alarm,depth_cm,repeat,maybe_battery,typeid,modelid,temperature_1_C,temperature_2_C,device_type,raw_message,switch1,switch2,switch3,switch4,switch5,seq,extradata,house_id,module_id,sensor_type,sensor_count,alarms,sensor_value,battery_voltage,failed,class,alert,secret_knock,relay
2019-03-18 10:52:24,,,AlectoV1 Temperature Sensor,,114,3,OK,20.700,CHECKSUM,,53,,,,,,,,,,,,,,,,,,,,,,,,,,,,,,,,,,,,,,,,,,,,,,,,,,,,,,,,,,,,,,,,,,,,,,,,,,,,,,,,,,,,,,,,,,,,,,,,,,,,,,,,,,,,,,,,,,,,,,,,,,,,,,,,,,,,,,,,,,,,,,,,,,,,,,,,,,
time,msg,codes,model,button,id,channel,battery,temperature_C,mic,rid,humidity,state,status,brand,rain_rate,rain_total,gust,average,direction,pressure_hPa,uv,power_W,energy_kWh,unit,group_call,command,dim,dim_value,wind_speed,wind_gust,wind_direction,dipswitch,rbutton,device,temperature_F,brandmodelidtemperature_C,setpoint_C,switch,cmd,cmd_id,modelidcmd,tristate,direction_deg,speed,rain,msg_type,signal,hours,minutes,seconds,year,month,day,sensor_code,uv_status,uv_index,lux,wm,ws_id,rainfall_mm,wind_speed_ms,gust_speed_ms,current,interval,learn,sensor_id,battery_low,sequence_num,message_type,wind_speed_mph,wind_dir_deg,wind_dir,rain_inch,rc,gust_speed_mph,wind_approach,rain_mm,flags,maybetemp,binding_countdown,depth,dev_id,power0,power1,power2,node,ct1,ct2,ct3,ct4,Vrms/batt,temp1_C,temp2_C,temp3_C,temp4_C,temp5_C,temp6_C,pulse,address,button1,button2,button3,button4,data,group,sid,transmit,moisture,type,pressure_PSI,battery_mV,pressure_kPa,pulses,energy,device id,code,len,to,from,payload,event,heartbeat,brandmodelidstatus,temperature_C1,temperature_C2,test,probe,water,ptemperature_C,phumidity,newbattery,heating,heating_temp,uvi,light_lux,counter,alarm,depth_cm,repeat,maybe_battery,typeid,modelid,temperature_1_C,temperature_2_C,device_type,raw_message,switch1,switch2,switch3,switch4,switch5,seq,extradata,house_id,module_id,sensor_type,sensor_count,alarms,sensor_value,battery_voltage,failed,class,alert,secret_knock,relay
2019-03-18 10:54:55,,,AlectoV1 Temperature Sensor,,114,3,OK,20.700,CHECKSUM,,53,,,,,,,,,,,,,,,,,,,,,,,,,,,,,,,,,,,,,,,,,,,,,,,,,,,,,,,,,,,,,,,,,,,,,,,,,,,,,,,,,,,,,,,,,,,,,,,,,,,,,,,,,,,,,,,,,,,,,,,,,,,,,,,,,,,,,,,,,,,,,,,,,,,,,,,,,,
time,msg,codes,model,button,id,channel,battery,temperature_C,mic,rid,humidity,state,status,brand,rain_rate,rain_total,gust,average,direction,pressure_hPa,uv,power_W,energy_kWh,unit,group_call,command,dim,dim_value,wind_speed,wind_gust,wind_direction,dipswitch,rbutton,device,temperature_F,brandmodelidtemperature_C,setpoint_C,switch,cmd,cmd_id,modelidcmd,tristate,direction_deg,speed,rain,msg_type,signal,hours,minutes,seconds,year,month,day,sensor_code,uv_status,uv_index,lux,wm,ws_id,rainfall_mm,wind_speed_ms,gust_speed_ms,current,interval,learn,sensor_id,battery_low,sequence_num,message_type,wind_speed_mph,wind_dir_deg,wind_dir,rain_inch,rc,gust_speed_mph,wind_approach,rain_mm,flags,maybetemp,binding_countdown,depth,dev_id,power0,power1,power2,node,ct1,ct2,ct3,ct4,Vrms/batt,temp1_C,temp2_C,temp3_C,temp4_C,temp5_C,temp6_C,pulse,address,button1,button2,button3,button4,data,group,sid,transmit,moisture,type,pressure_PSI,battery_mV,pressure_kPa,pulses,energy,device id,code,len,to,from,payload,event,heartbeat,brandmodelidstatus,temperature_C1,temperature_C2,test,probe,water,ptemperature_C,phumidity,newbattery,heating,heating_temp,uvi,light_lux,counter,alarm,depth_cm,repeat,maybe_battery,typeid,modelid,temperature_1_C,temperature_2_C,device_type,raw_message,switch1,switch2,switch3,switch4,switch5,seq,extradata,house_id,module_id,sensor_type,sensor_count,alarms,sensor_value,battery_voltage,failed,class,alert,secret_knock,relay
time,msg,codes,model,button,id,channel,battery,temperature_C,mic,rid,humidity,state,status,brand,rain_rate,rain_total,gust,average,direction,pressure_hPa,uv,power_W,energy_kWh,unit,group_call,command,dim,dim_value,wind_speed,wind_gust,wind_direction,dipswitch,rbutton,device,temperature_F,brandmodelidtemperature_C,setpoint_C,switch,cmd,cmd_id,modelidcmd,tristate,direction_deg,speed,rain,msg_type,signal,hours,minutes,seconds,year,month,day,sensor_code,uv_status,uv_index,lux,wm,ws_id,rainfall_mm,wind_speed_ms,gust_speed_ms,current,interval,learn,sensor_id,battery_low,sequence_num,message_type,wind_speed_mph,wind_dir_deg,wind_dir,rain_inch,rc,gust_speed_mph,wind_approach,rain_mm,flags,maybetemp,binding_countdown,depth,dev_id,power0,power1,power2,node,ct1,ct2,ct3,ct4,Vrms/batt,temp1_C,temp2_C,temp3_C,temp4_C,temp5_C,temp6_C,pulse,address,button1,button2,button3,button4,data,group,sid,transmit,moisture,type,pressure_PSI,battery_mV,pressure_kPa,pulses,energy,device id,code,len,to,from,payload,event,heartbeat,brandmodelidstatus,temperature_C1,temperature_C2,test,probe,water,ptemperature_C,phumidity,newbattery,heating,heating_temp,uvi,light_lux,counter,alarm,depth_cm,repeat,maybe_battery,typeid,modelid,temperature_1_C,temperature_2_C,device_type,raw_message,switch1,switch2,switch3,switch4,switch5,seq,extradata,house_id,module_id,sensor_type,sensor_count,alarms,sensor_value,battery_voltage,failed,class,alert,secret_knock,relay
time,msg,codes,model,button,id,channel,battery,temperature_C,mic,rid,humidity,state,status,brand,rain_rate,rain_total,gust,average,direction,pressure_hPa,uv,power_W,energy_kWh,unit,group_call,command,dim,dim_value,wind_speed,wind_gust,wind_direction,dipswitch,rbutton,device,temperature_F,brandmodelidtemperature_C,setpoint_C,switch,cmd,cmd_id,modelidcmd,tristate,direction_deg,speed,rain,msg_type,signal,hours,minutes,seconds,year,month,day,sensor_code,uv_status,uv_index,lux,wm,ws_id,rainfall_mm,wind_speed_ms,gust_speed_ms,current,interval,learn,sensor_id,battery_low,sequence_num,message_type,wind_speed_mph,wind_dir_deg,wind_dir,rain_inch,rc,gust_speed_mph,wind_approach,rain_mm,flags,maybetemp,binding_countdown,depth,dev_id,power0,power1,power2,node,ct1,ct2,ct3,ct4,Vrms/batt,temp1_C,temp2_C,temp3_C,temp4_C,temp5_C,temp6_C,pulse,address,button1,button2,button3,button4,data,group,sid,transmit,moisture,type,pressure_PSI,battery_mV,pressure_kPa,pulses,energy,device id,code,len,to,from,payload,event,heartbeat,brandmodelidstatus,temperature_C1,temperature_C2,test,probe,water,ptemperature_C,phumidity,newbattery,heating,heating_temp,uvi,light_lux,counter,alarm,depth_cm,repeat,maybe_battery,typeid,modelid,temperature_1_C,temperature_2_C,device_type,raw_message,switch1,switch2,switch3,switch4,switch5,seq,extradata,house_id,module_id,sensor_type,sensor_count,alarms,sensor_value,battery_voltage,failed,class,alert,secret_knock,relay
2019-03-18 11:02:28,,,AlectoV1 Temperature Sensor,,114,3,OK,20.800,CHECKSUM,,53,,,,,,,,,,,,,,,,,,,,,,,,,,,,,,,,,,,,,,,,,,,,,,,,,,,,,,,,,,,,,,,,,,,,,,,,,,,,,,,,,,,,,,,,,,,,,,,,,,,,,,,,,,,,,,,,,,,,,,,,,,,,,,,,,,,,,,,,,,,,,,,,,,,,,,,,,,
